Id,Timestamp,FirebaseUserId,Latitude,Longitude,prevTimestamp,prevLatitude,prevLongitude,MpH,rollingaverage
25000001,2022-01-25 01:45:55,109409728062644297175,41.78452259205520,-72.51987008857350,NULL,NULL,NULL,NULL,NULL
25000002,2022-01-25 01:50:41,109409728062644297175,41.78466701669020,-72.51984877304720,2022-01-25 01:45:55,41.78452259205520,-72.51987008857350,0.1264,0.1264
25000003,2022-01-25 01:50:41,109409728062644297175,41.78455086651420,-72.51990712307400,2022-01-25 01:50:41,41.78466701669020,-72.51984877304720,53.5015,26.8139
25000004,2022-01-25 01:50:42,109409728062644297175,41.78456330662120,-72.51994085773350,2022-01-25 01:50:41,41.78455086651420,-72.51990712307400,6.2893,19.9724
25000005,2022-01-25 01:50:49,109409728062644297175,41.78456330662120,-72.51994085773350,2022-01-25 01:50:42,41.78456330662120,-72.51994085773350,0.0000,14.9793
25000006,2022-01-25 01:51:07,109409728062644297175,41.78456330662120,-72.51994085773350,2022-01-25 01:50:49,41.78456330662120,-72.51994085773350,0.0000,11.9834
25000007,2022-01-25 01:51:08,109409728062644297175,41.78454744155530,-72.51994607450670,2022-01-25 01:51:07,41.78456330662120,-72.51994085773350,15.8748,12.6320
25000008,2022-01-25 02:05:02,109409728062644297175,41.78462223818040,-72.51978303302360,2022-01-25 01:51:08,41.78454744155530,-72.51994607450670,0.0426,10.8335
25000009,2022-01-25 02:08:38,109409728062644297175,41.78462218353930,-72.51978301811120,2022-01-25 02:05:02,41.78462223818040,-72.51978303302360,0.0001,9.4793
25000010,2022-01-25 02:12:11,109409728062644297175,41.78453719936760,-72.51991199614360,2022-01-25 02:08:38,41.78462218353930,-72.51978301811120,0.1496,8.4427
25000011,2022-01-25 02:12:58,109409728062644297175,41.78453719936760,-72.51991199614360,2022-01-25 02:12:11,41.78453719936760,-72.51991199614360,0.0000,7.5984
25000012,2022-01-25 02:12:58,109409728062644297175,41.78456404557360,-72.51988581630580,2022-01-25 02:12:58,41.78453719936760,-72.51991199614360,30.0082,9.6357
25000013,2022-01-25 02:15:05,109409728062644297175,41.78458088205540,-72.51997200880540,2022-01-25 02:12:58,41.78456404557360,-72.51988581630580,0.1300,9.6360
25000014,2022-01-25 02:16:29,109409728062644297175,41.78466701861620,-72.51984879327050,2022-01-25 02:15:05,41.78458088205540,-72.51997200880540,0.3707,4.8059
25000015,2022-01-25 02:16:43,109409728062644297175,41.78466701861620,-72.51984879327050,2022-01-25 02:16:29,41.78466701861620,-72.51984879327050,0.0000,4.2342
25000016,2022-01-25 02:16:44,109409728062644297175,41.78456845931150,-72.51997323194430,2022-01-25 02:16:43,41.78466701861620,-72.51984879327050,47.1669,8.5221
25000017,2022-01-25 02:16:44,109409728062644297175,41.78453853572440,-72.51991454051930,2022-01-25 02:16:44,41.78456845931150,-72.51997323194430,30.1160,11.2599
25000018,2022-01-25 02:16:54,109409728062644297175,41.78456845931150,-72.51997323194430,2022-01-25 02:16:44,41.78453853572440,-72.51991454051930,1.2387,9.9293
25000019,2022-01-25 02:16:55,109409728062644297175,41.78457786175730,-72.51999124376130,2022-01-25 02:16:54,41.78456845931150,-72.51997323194430,13.4246,11.1459
25000020,2022-01-25 02:18:14,109409728062644297175,41.78448939677490,-72.51991041613470,2022-01-25 02:16:55,41.78457786175730,-72.51999124376130,0.3347,11.1763
25000021,2022-01-25 02:18:17,109409728062644297175,41.78448939677490,-72.51991041613470,2022-01-25 02:18:14,41.78448939677490,-72.51991041613470,0.0000,11.1627
25000022,2022-01-25 02:18:17,109409728062644297175,41.78449269633280,-72.51990687193420,2022-01-25 02:18:17,41.78448939677490,-72.51991041613470,3.7124,11.5002
25000023,2022-01-25 02:18:37,109409728062644297175,41.78449269633280,-72.51990687193420,2022-01-25 02:18:17,41.78449269633280,-72.51990687193420,0.0000,8.7722
25000024,2022-01-25 02:18:38,109409728062644297175,41.78452772245020,-72.51986770062650,2022-01-25 02:18:37,41.78449269633280,-72.51990687193420,47.9630,13.1206
25000025,2022-01-25 02:18:58,109409728062644297175,41.78452772245020,-72.51986770062650,2022-01-25 02:18:38,41.78452772245020,-72.51986770062650,0.0000,13.0869
25000026,2022-01-25 02:18:59,109409728062644297175,41.78452525103850,-72.51990658535640,2022-01-25 02:18:58,41.78452772245020,-72.51986770062650,20.4656,14.9474
25000027,2022-01-25 02:20:21,109409728062644297175,41.78456633906760,-72.51994866415300,2022-01-25 02:18:59,41.78452525103850,-72.51990658535640,0.1566,10.6738
25000028,2022-01-25 02:20:23,109409728062644297175,41.78456633906760,-72.51994866415300,2022-01-25 02:20:21,41.78456633906760,-72.51994866415300,0.0000,7.9360
25000029,2022-01-25 02:20:23,109409728062644297175,41.78452775895290,-72.51986764145770,2022-01-25 02:20:23,41.78456633906760,-72.51994866415300,58.9559,13.1830
25000030,2022-01-25 02:21:08,109409728062644297175,41.78454142344540,-72.51987879766920,2022-01-25 02:20:23,41.78452775895290,-72.51986764145770,0.0884,11.9706
25000031,2022-01-25 02:21:10,109409728062644297175,41.78454142344540,-72.51987879766920,2022-01-25 02:21:08,41.78454142344540,-72.51987879766920,0.0000,11.9402
25000032,2022-01-25 02:21:10,109409728062644297175,41.78454153333170,-72.51987891989490,2022-01-25 02:21:10,41.78454142344540,-72.51987879766920,0.1768,11.9562
25000033,2022-01-25 02:21:10,109409728062644297175,41.78454146661320,-72.51987884740650,2022-01-25 02:21:10,41.78454153333170,-72.51987891989490,0.1934,11.6363
25000034,2022-01-25 02:23:00,109409728062644297175,41.78444940477680,-72.51985727089850,2022-01-25 02:21:10,41.78454146661320,-72.51987884740650,0.2112,11.6555
25000035,2022-01-25 02:23:03,109409728062644297175,41.78444940477680,-72.51985727089850,2022-01-25 02:23:00,41.78444940477680,-72.51985727089850,0.0000,7.2953
25000036,2022-01-25 02:23:03,109409728062644297175,41.78452113361680,-72.51987132888840,2022-01-25 02:23:03,41.78444940477680,-72.51985727089850,70.7310,13.7254
25000037,2022-01-25 02:23:04,109409728062644297175,41.78454433487140,-72.51991603708500,2022-01-25 02:23:03,41.78452113361680,-72.51987132888840,14.7479,13.2056
25000038,2022-01-25 02:23:14,109409728062644297175,41.78454433487140,-72.51991603708500,2022-01-25 02:23:04,41.78454433487140,-72.51991603708500,0.0000,13.1913
25000039,2022-01-25 02:23:15,109409728062644297175,41.78456497840810,-72.51992942178830,2022-01-25 02:23:14,41.78454433487140,-72.51991603708500,18.5707,14.8796
25000040,2022-01-25 02:23:36,109409728062644297175,41.78456461136210,-72.51992858550250,2022-01-25 02:23:15,41.78456497840810,-72.51992942178830,0.0086,9.5207
25000041,2022-01-25 02:23:37,109409728062644297175,41.78456461136210,-72.51992858550250,2022-01-25 02:23:36,41.78456461136210,-72.51992858550250,0.0000,9.5127
25000042,2022-01-25 02:24:02,109409728062644297175,41.78454891741850,-72.51981800839380,2022-01-25 02:23:37,41.78456461136210,-72.51992858550250,0.8373,9.5888
25000043,2022-01-25 02:24:45,109409728062644297175,41.78454890004020,-72.51981781232660,2022-01-25 02:24:02,41.78454891741850,-72.51981800839380,0.0009,9.5728
25000044,2022-01-25 02:25:07,109409728062644297175,41.78454891566580,-72.51981794419060,2022-01-25 02:24:45,41.78454890004020,-72.51981781232660,0.0011,9.5553
25000045,2022-01-25 02:25:26,109409728062644297175,41.78457529502850,-72.52000800550610,2022-01-25 02:25:07,41.78454891566580,-72.51981794419060,1.8925,9.7082
25000046,2022-01-25 02:25:28,109409728062644297175,41.78457529502850,-72.52000800550610,2022-01-25 02:25:26,41.78457529502850,-72.52000800550610,0.0000,9.7082
25000047,2022-01-25 02:25:28,109409728062644297175,41.78457505330310,-72.52000932791360,2022-01-25 02:25:28,41.78457529502850,-72.52000800550610,5.8466,3.8096
25000048,2022-01-25 02:25:28,109409728062644297175,41.78457482612340,-72.52000780271230,2022-01-25 02:25:28,41.78457505330310,-72.52000932791360,10.1843,3.3947
25000049,2022-01-25 02:26:13,109409728062644297175,41.78455988757640,-72.51998017624450,2022-01-25 02:25:28,41.78457482612340,-72.52000780271230,0.1435,3.4078
25000050,2022-01-25 02:26:14,109409728062644297175,41.78455988757640,-72.51998017624450,2022-01-25 02:26:13,41.78455988757640,-72.51998017624450,0.0000,1.7195
25000051,2022-01-25 02:26:15,109409728062644297175,41.78452749756160,-72.51992670688840,2022-01-25 02:26:14,41.78455988757640,-72.51998017624450,38.6974,5.2367
25000052,2022-01-25 02:27:18,109409728062644297175,41.78453207916580,-72.52000592663880,2022-01-25 02:26:15,41.78452749756160,-72.51992670688840,0.2332,5.2579
25000053,2022-01-25 02:27:59,109409728062644297175,41.78451573875110,-72.52001065725200,2022-01-25 02:27:18,41.78453207916580,-72.52000592663880,0.1002,5.1909
25000054,2022-01-25 02:28:03,109409728062644297175,41.78451573875110,-72.52001065725200,2022-01-25 02:27:59,41.78451573875110,-72.52001065725200,0.0000,5.1908
25000055,2022-01-25 02:28:03,109409728062644297175,41.78454923599590,-72.51991378510660,2022-01-25 02:28:03,41.78451573875110,-72.52001065725200,50.1522,9.7500
25000056,2022-01-25 02:33:59,109409728062644297175,41.78462226488600,-72.51978348805880,2022-01-25 02:28:03,41.78454923599590,-72.51991378510660,0.0849,9.5856
25000057,2022-01-25 02:34:02,109409728062644297175,41.78462226488600,-72.51978348805880,2022-01-25 02:33:59,41.78462226488600,-72.51978348805880,0.0000,9.5856
25000058,2022-01-25 02:34:03,109409728062644297175,41.78452306887200,-72.51983996754640,2022-01-25 02:34:02,41.78462226488600,-72.51978348805880,104.2666,18.5329
25000059,2022-01-25 02:34:04,109409728062644297175,41.78452209675330,-72.51984059995960,2022-01-25 02:34:03,41.78452306887200,-72.51983996754640,0.1584,17.6215
25000060,2022-01-25 02:34:30,109409728062644297175,41.78452209675330,-72.51984059995960,2022-01-25 02:34:04,41.78452209675330,-72.51984059995960,0.0000,17.6084
25000061,2022-01-25 02:34:30,109409728062644297175,41.78452296244470,-72.51984005370090,2022-01-25 02:34:30,41.78452209675330,-72.51984059995960,0.9147,17.6916
25000062,2022-01-25 02:37:09,109409728062644297175,41.78454935088920,-72.51994050114650,2022-01-25 02:34:30,41.78452296244470,-72.51984005370090,0.1243,14.1850
25000063,2022-01-25 02:37:09,109409728062644297175,41.78450480107400,-72.51998978673710,2022-01-25 02:37:09,41.78454935088920,-72.51994050114650,334.4873,44.5717
25000064,2022-01-25 02:37:10,109409728062644297175,41.78449935283690,-72.51999598934540,2022-01-25 02:37:09,41.78450480107400,-72.51998978673710,1.8360,44.7295
25000065,2022-01-25 02:37:11,109409728062644297175,41.78449935283690,-72.51999598934540,2022-01-25 02:37:10,41.78449935283690,-72.51999598934540,0.0000,44.7295
25000066,2022-01-25 02:37:12,109409728062644297175,41.78448661234410,-72.52000411979150,2022-01-25 02:37:11,41.78449935283690,-72.51999598934540,4.9373,40.6191
25000067,2022-01-25 02:37:13,109409728062644297175,41.78448661234410,-72.52000411979150,2022-01-25 02:37:12,41.78448661234410,-72.52000411979150,0.0000,40.6113
25000068,2022-01-25 02:37:14,109409728062644297175,41.78448661234410,-72.52000411979150,2022-01-25 02:37:13,41.78448661234410,-72.52000411979150,0.0000,40.6113
25000069,2022-01-25 02:37:15,109409728062644297175,41.78448661234410,-72.52000411979150,2022-01-25 02:37:14,41.78448661234410,-72.52000411979150,0.0000,31.1326
25000070,2022-01-25 02:37:16,109409728062644297175,41.78448837254380,-72.52000261104900,2022-01-25 02:37:15,41.78448661234410,-72.52000411979150,0.5633,31.1694
25000071,2022-01-25 02:37:17,109409728062644297175,41.78448837254380,-72.52000261104900,2022-01-25 02:37:16,41.78448837254380,-72.52000261104900,0.0000,31.1694
25000072,2022-01-25 02:37:18,109409728062644297175,41.78448837254380,-72.52000261104900,2022-01-25 02:37:17,41.78448837254380,-72.52000261104900,0.0000,31.0862
25000073,2022-01-25 02:37:19,109409728062644297175,41.78448837254380,-72.52000261104900,2022-01-25 02:37:18,41.78448837254380,-72.52000261104900,0.0000,31.0749
25000074,2022-01-25 02:37:20,109409728062644297175,41.78452009804730,-72.51998073428170,2022-01-25 02:37:19,41.78448837254380,-72.52000261104900,7.0194,1.3051
25000075,2022-01-25 02:37:21,109409728062644297175,41.78452009804730,-72.51998073428170,2022-01-25 02:37:20,41.78452009804730,-72.51998073428170,0.0000,1.1382
25000076,2022-01-25 02:37:22,109409728062644297175,41.78452009804730,-72.51998073428170,2022-01-25 02:37:21,41.78452009804730,-72.51998073428170,0.0000,1.1382
25000077,2022-01-25 02:37:23,109409728062644297175,41.78452009804730,-72.51998073428170,2022-01-25 02:37:22,41.78452009804730,-72.51998073428170,0.0000,0.6893
25000078,2022-01-25 02:37:24,109409728062644297175,41.78452009804730,-72.51998073428170,2022-01-25 02:37:23,41.78452009804730,-72.51998073428170,0.0000,0.6893
25000079,2022-01-25 02:37:25,109409728062644297175,41.78452009804730,-72.51998073428170,2022-01-25 02:37:24,41.78452009804730,-72.51998073428170,0.0000,0.6893
25000080,2022-01-25 02:37:26,109409728062644297175,41.78455149772210,-72.51996409245580,2022-01-25 02:37:25,41.78452009804730,-72.51998073428170,8.8561,1.4944
25000081,2022-01-25 02:37:27,109409728062644297175,41.78454637481140,-72.51996215041420,2022-01-25 02:37:26,41.78455149772210,-72.51996409245580,1.1637,1.5490
25000082,2022-01-25 02:44:12,109409728062644297175,41.78463347458260,-72.51997945468440,2022-01-25 02:37:27,41.78454637481140,-72.51996215041420,0.0541,1.5539
25000083,2022-01-25 02:45:26,109409728062644297175,41.78462514902380,-72.51954092034130,2022-01-25 02:44:12,41.78463347458260,-72.51997945468440,1.0969,1.6537
25000084,2022-01-25 02:46:31,109409728062644297175,41.78462514902380,-72.51954092034130,2022-01-25 02:45:26,41.78462514902380,-72.51954092034130,0.0000,1.6537
25000085,2022-01-25 02:46:32,109409728062644297175,41.78452954153110,-72.52000800920980,2022-01-25 02:46:31,41.78462514902380,-72.51954092034130,77.7639,8.0850
25000086,2022-01-25 02:46:32,109409728062644297175,41.78452399391790,-72.52000031703160,2022-01-25 02:46:32,41.78452954153110,-72.52000800920980,4.7193,8.5140
25000087,2022-01-25 02:49:47,109409728062644297175,41.78454108399230,-72.52006856559150,2022-01-25 02:46:32,41.78452399391790,-72.52000031703160,0.0685,8.5202
25000088,2022-01-25 02:50:33,109409728062644297175,41.78454108399230,-72.52006856559150,2022-01-25 02:49:47,41.78454108399230,-72.52006856559150,0.0000,8.5202
25000089,2022-01-25 02:50:33,109409728062644297175,41.78462211937620,-72.51978335490420,2022-01-25 02:50:33,41.78454108399230,-72.52006856559150,142.6662,21.4899
25000090,2022-01-25 02:53:05,109409728062644297175,41.78452117477970,-72.51987131596430,2022-01-25 02:50:33,41.78462211937620,-72.51978335490420,0.1970,21.5078
25000091,2022-01-25 02:53:08,109409728062644297175,41.78452117477970,-72.51987131596430,2022-01-25 02:53:05,41.78452117477970,-72.51987131596430,0.0000,20.7027
25000092,2022-01-25 02:53:08,109409728062644297175,41.78454884481290,-72.51992784089680,2022-01-25 02:53:08,41.78452117477970,-72.51987131596430,49.9305,25.1360
25000093,2022-01-25 02:53:08,109409728062644297175,41.78454889757110,-72.51992784216770,2022-01-25 02:53:08,41.78454884481290,-72.51992784089680,0.0333,25.1342
25000094,2022-01-25 02:53:25,109409728062644297175,41.78454889757110,-72.51992784216770,2022-01-25 02:53:08,41.78454889757110,-72.51992784216770,0.0000,25.0344
25000095,2022-01-25 02:53:25,109409728062644297175,41.78456699895470,-72.51987025286480,2022-01-25 02:53:25,41.78454889757110,-72.51992784216770,34.8401,28.2017
25000096,2022-01-25 02:53:44,109409728062644297175,41.78456699895470,-72.51987025286480,2022-01-25 02:53:25,41.78456699895470,-72.51987025286480,0.0000,21.1323
25000097,2022-01-25 02:53:44,109409728062644297175,41.78456277733250,-72.51991136099570,2022-01-25 02:53:44,41.78456699895470,-72.51987025286480,19.1793,22.4468
25000098,2022-01-25 03:00:54,109409728062644297175,41.78469298017730,-72.51978992222090,2022-01-25 02:53:44,41.78456277733250,-72.51991136099570,0.0917,22.4489
25000099,2022-01-25 03:01:54,109409728062644297175,41.78469298017730,-72.51978992222090,2022-01-25 03:00:54,41.78469298017730,-72.51978992222090,0.0000,22.4489
25000100,2022-01-25 03:01:55,109409728062644297175,41.78454226700700,-72.51997034659280,2022-01-25 03:01:54,41.78469298017730,-72.51978992222090,78.6568,16.6299
25000101,2022-01-25 03:01:55,109409728062644297175,41.78455793802180,-72.51997022660730,2022-01-25 03:01:55,41.78454226700700,-72.51997034659280,10.9036,17.6032
25000102,2022-01-25 03:02:21,109409728062644297175,41.78455793802180,-72.51997022660730,2022-01-25 03:01:55,41.78455793802180,-72.51997022660730,0.0000,17.6032
25000103,2022-01-25 03:02:21,109409728062644297175,41.78452126583040,-72.51987141475510,2022-01-25 03:02:21,41.78455793802180,-72.51997022660730,72.8444,19.6863
25000104,2022-01-25 03:02:57,109409728062644297175,41.78452112465470,-72.51987127757510,2022-01-25 03:02:21,41.78452126583040,-72.51987141475510,0.0012,19.6834
25100105,2022-01-25 03:12:36,109409728062644297175,41.78466701852740,-72.51984876984960,2022-01-25 03:02:57,41.78452112465470,-72.51987127757510,0.0630,19.6891
25200106,2022-01-25 03:14:56,109409728062644297175,41.78445973809960,-72.51986670570090,2022-01-25 03:12:36,41.78466701852740,-72.51984876984960,0.3691,16.5554
25300107,2022-01-25 03:15:38,109409728062644297175,41.78445973809960,-72.51986670570090,2022-01-25 03:14:56,41.78445973809960,-72.51986670570090,0.0000,16.5554
25300108,2022-01-25 03:15:39,109409728062644297175,41.78463373440260,-72.51998244011250,2022-01-25 03:15:38,41.78445973809960,-72.51986670570090,181.2357,31.2878
25300109,2022-01-25 19:54:06,109409728062644297175,41.77811703648600,-72.52103710553840,2022-01-25 03:15:39,41.78463373440260,-72.51998244011250,0.0273,31.2819
25300110,2022-01-25 19:54:06,109409728062644297175,41.77811703648600,-72.52103710553840,2022-01-25 19:54:06,41.77811703648600,-72.52103710553840,0.0000,31.2819
25300111,2022-01-25 19:54:07,109409728062644297175,41.77811753940000,-72.52103760845260,2022-01-25 19:54:06,41.77811703648600,-72.52103710553840,0.1402,24.1440
25300112,2022-01-25 19:54:08,109409728062644297175,41.77812173035160,-72.52104020684260,2022-01-25 19:54:07,41.77811753940000,-72.52103760845260,1.3618,23.2766
25300113,2022-01-25 19:54:10,109409728062644297175,41.77812336482270,-72.52104766673640,2022-01-25 19:54:08,41.77812173035160,-72.52104020684260,0.9172,23.3600
25300114,2022-01-25 19:54:10,109409728062644297175,41.77812562793650,-72.52105227678310,2022-01-25 19:54:10,41.77812336482270,-72.52104766673640,3.5537,17.0608
25300115,2022-01-25 19:54:11,109409728062644297175,41.77812793295990,-72.52105445607800,2022-01-25 19:54:10,41.77812562793650,-72.52105227678310,0.7000,17.1244
25300116,2022-01-25 21:15:18,109409728062644297175,41.78467030078220,-72.51984916991780,2022-01-25 19:54:11,41.77812793295990,-72.52105445607800,0.3375,17.1493
25300117,2022-01-25 21:15:18,109409728062644297175,41.78470117975050,-72.51979332153960,2022-01-25 21:15:18,41.78467030078220,-72.51984916991780,46.6996,21.3612
25300118,2022-01-25 21:15:19,109409728062644297175,41.78457411203340,-72.51983807902930,2022-01-25 21:15:18,41.78470117975050,-72.51979332153960,49.0755,25.8226
25300119,2022-01-25 21:15:27,109409728062644297175,41.78457411203340,-72.51983807902930,2022-01-25 21:15:19,41.78457411203340,-72.51983807902930,0.0000,9.3466
25300120,2022-01-25 21:16:35,109409728062644297175,41.78455826126400,-72.51985654984660,2022-01-25 21:15:27,41.78457411203340,-72.51983807902930,0.0762,9.3511
25300121,2022-01-25 21:18:38,109409728062644297175,41.78455881424300,-72.51985636171740,2022-01-25 21:16:35,41.78455826126400,-72.51985654984660,0.0012,9.3512
25300122,2022-01-25 21:18:45,109409728062644297175,41.78455881424300,-72.51985636171740,2022-01-25 21:18:38,41.78455881424300,-72.51985636171740,0.0000,9.3384
25300123,2022-01-25 21:18:46,109409728062644297175,41.78450230079180,-72.51988877438020,2022-01-25 21:18:45,41.78455881424300,-72.51985636171740,26.1719,11.5939
25300124,2022-01-25 21:19:53,109409728062644297175,41.78454999374300,-72.51981612477740,2022-01-25 21:18:46,41.78450230079180,-72.51988877438020,0.2676,11.5348
25300125,2022-01-25 21:20:49,109409728062644297175,41.78455000420400,-72.51981610473750,2022-01-25 21:19:53,41.78454999374300,-72.51981612477740,0.0001,11.2118
25300126,2022-01-26 00:14:07,109409728062644297175,41.78462599991460,-72.51978300675720,2022-01-25 21:20:49,41.78455000420400,-72.51981610473750,0.0019,11.1483
25300127,2022-01-26 00:14:07,109409728062644297175,41.78413815192070,-72.51963056742520,2022-01-26 00:14:07,41.78462599991460,-72.51978300675720,504.1347,56.9480
25300128,2022-01-26 00:14:08,109409728062644297175,41.78442098460140,-72.51985901025520,2022-01-26 00:14:07,41.78413815192070,-72.51963056742520,100.9706,61.8818
25300129,2022-01-26 00:15:30,109409728062644297175,41.78442512291980,-72.51986235121420,2022-01-26 00:14:08,41.78442098460140,-72.51985901025520,0.0146,57.4217
25300130,2022-01-26 00:15:33,109409728062644297175,41.78442512291980,-72.51986235121420,2022-01-26 00:15:30,41.78442512291980,-72.51986235121420,0.0000,57.4217
25300131,2022-01-26 00:15:34,109409728062644297175,41.78444626214640,-72.51987699576620,2022-01-26 00:15:33,41.78442512291980,-72.51986235121420,9.0590,58.2383
25300132,2022-01-26 00:16:14,109409728062644297175,41.78444628058330,-72.51987701074430,2022-01-26 00:15:34,41.78444626214640,-72.51987699576620,0.0001,58.2382
25300133,2022-01-26 00:16:19,109409728062644297175,41.78444628058330,-72.51987701074430,2022-01-26 00:16:14,41.78444628058330,-72.51987701074430,0.0000,58.2382
25300134,2022-01-26 00:17:01,109409728062644297175,41.78444627230450,-72.51987700428220,2022-01-26 00:16:19,41.78444628058330,-72.51987701074430,0.0001,55.8590
25300135,2022-01-26 00:20:23,109409728062644297175,41.78444055122650,-72.51984794740750,2022-01-26 00:17:01,41.78444627230450,-72.51987700428220,0.0276,55.8371
25300136,2022-01-26 00:20:49,109409728062644297175,41.78444055122650,-72.51984794740750,2022-01-26 00:20:23,41.78444055122650,-72.51984794740750,0.0000,55.8371
25300137,2022-01-26 00:20:50,109409728062644297175,41.78444628952540,-72.51987704880020,2022-01-26 00:20:49,41.78444055122650,-72.51984794740750,10.4630,56.7881
25300138,2022-01-26 00:30:14,109409728062644297175,41.78444109860420,-72.51986562138090,2022-01-26 00:20:50,41.78444628952540,-72.51987704880020,0.0044,10.9581
25300139,2022-01-26 00:30:29,109409728062644297175,41.78463768764290,-72.51918162898580,2022-01-26 00:30:14,41.78444109860420,-72.51986562138090,9.3628,2.6301
25300140,2022-01-26 00:30:29,109409728062644297175,41.78447121573040,-72.51978595713720,2022-01-26 00:30:29,41.78463768764290,-72.51918162898580,332.8459,32.8875
25300141,2022-01-26 00:31:07,109409728062644297175,41.78446421457400,-72.51978693618210,2022-01-26 00:30:29,41.78447121573040,-72.51978595713720,0.0459,32.8917
25300142,2022-01-26 00:31:07,109409728062644297175,41.78446453688560,-72.51978571338690,2022-01-26 00:31:07,41.78446421457400,-72.51978693618210,0.5190,32.1153
25300143,2022-01-26 00:31:52,109409728062644297175,41.78446453688560,-72.51978571338690,2022-01-26 00:31:07,41.78446453688560,-72.51978571338690,0.0000,32.1153
25300144,2022-01-26 00:31:52,109409728062644297175,41.78434414739680,-72.51990055939900,2022-01-26 00:31:52,41.78446453688560,-72.51978571338690,121.5117,43.1619
25300145,2022-01-26 00:33:27,109409728062644297175,41.78438291706990,-72.51988464675890,2022-01-26 00:31:52,41.78434414739680,-72.51990055939900,0.1058,43.1715
25300146,2022-01-26 00:56:49,109409728062644297175,41.78442134055750,-72.51982211946300,2022-01-26 00:33:27,41.78438291706990,-72.51988464675890,0.0107,43.1699
25300147,2022-01-26 00:56:54,109409728062644297175,41.78442134055750,-72.51982211946300,2022-01-26 00:56:49,41.78442134055750,-72.51982211946300,0.0000,43.1699
25300148,2022-01-26 00:56:54,109409728062644297175,41.78442634450870,-72.51980807084400,2022-01-26 00:56:54,41.78442134055750,-72.51982211946300,5.4258,42.7120
25300149,2022-01-26 00:56:55,109409728062644297175,41.78444108776420,-72.51984944075250,2022-01-26 00:56:54,41.78442634450870,-72.51980807084400,10.1644,43.6356
25300150,2022-01-26 00:56:56,109409728062644297175,41.78444412113880,-72.51985796195170,2022-01-26 00:56:55,41.78444108776420,-72.51984944075250,2.8206,43.0409
25300151,2022-01-26 00:59:49,109409728062644297175,41.78444412113880,-72.51985796195170,2022-01-26 00:56:56,41.78444412113880,-72.51985796195170,0.0000,12.7822
25300152,2022-01-26 00:59:49,109409728062644297175,41.78442134866740,-72.51982214252080,2022-01-26 00:59:49,41.78444412113880,-72.51985796195170,14.8800,14.1307
25300153,2022-01-26 00:59:54,109409728062644297175,41.78442134866740,-72.51982214252080,2022-01-26 00:59:49,41.78442134866740,-72.51982214252080,0.0000,14.0836
25300154,2022-01-26 01:25:41,109409728062644297175,41.78442133955260,-72.51982211859860,2022-01-26 00:59:54,41.78442134866740,-72.51982214252080,0.0000,14.0836
25300155,2022-01-26 01:26:35,109409728062644297175,41.78444409847620,-72.51985780548690,2022-01-26 01:25:41,41.78442133955260,-72.51982211859860,0.1613,3.0517
25300156,2022-01-26 01:26:36,109409728062644297175,41.78444401513320,-72.51985767245080,2022-01-26 01:26:35,41.78444409847620,-72.51985780548690,0.0633,3.0478
25300157,2022-01-26 01:26:39,109409728062644297175,41.78444401513320,-72.51985767245080,2022-01-26 01:26:36,41.78444401513320,-72.51985767245080,0.0000,3.0469
25300158,2022-01-26 01:26:39,109409728062644297175,41.78444400302670,-72.51985765311700,2022-01-26 01:26:39,41.78444401513320,-72.51985767245080,0.0202,3.0487
25300159,2022-01-26 01:26:39,109409728062644297175,41.78444398431440,-72.51985762323390,2022-01-26 01:26:39,41.78444400302670,-72.51985765311700,278.3686,27.8617
25300160,2022-01-27 01:40:27,109409728062644297175,41.78473264902780,-72.51995846692750,2022-01-26 01:26:39,41.78444398431440,-72.51985762323390,0.0009,26.9377
25300161,2022-01-27 01:40:31,109409728062644297175,41.78455571500030,-72.51993666632270,2022-01-27 01:40:27,41.78473264902780,-72.51995846692750,12.2490,27.7948
25300162,2022-01-29 00:26:52,109409728062644297175,41.78462138841260,-72.51993790082700,2022-01-27 01:40:31,41.78455571500030,-72.51993666632270,0.0001,27.7949
25300163,2022-01-29 00:26:52,109409728062644297175,41.78465601449960,-72.51965474067860,2022-01-29 00:26:52,41.78462138841260,-72.51993790082700,119.0840,37.2679
25300164,2022-01-29 00:48:04,109409728062644297175,41.78446857065150,-72.51976275766520,2022-01-29 00:26:52,41.78465601449960,-72.51965474067860,0.0399,37.2716
25300165,2022-01-29 00:48:38,109409728062644297175,41.78446857065150,-72.51976275766520,2022-01-29 00:48:04,41.78446857065150,-72.51976275766520,0.0000,37.2716
25300166,2022-01-29 00:48:39,109409728062644297175,41.78457118341920,-72.51982270927640,2022-01-29 00:48:38,41.78446857065150,-72.51976275766520,36.5024,40.5753
25300167,2022-01-29 00:48:39,109409728062644297175,41.78466439193430,-72.51983830725030,2022-01-29 00:48:39,41.78457118341920,-72.51982270927640,72.5283,47.1630
25300168,2022-01-29 01:00:39,109409728062644297175,41.78452391060130,-72.51979189811890,2022-01-29 00:48:39,41.78466439193430,-72.51983830725030,0.0500,47.1676
25300169,2022-01-29 01:00:39,109409728062644297175,41.78457339914880,-72.51989400070300,2022-01-29 01:00:39,41.78452391060130,-72.51979189811890,112.9312,57.4322
25300170,2022-01-29 01:00:39,109409728062644297175,41.78457345944060,-72.51989411592860,2022-01-29 01:00:39,41.78457339914880,-72.51989400070300,0.0804,32.1333
25300171,2022-01-29 01:00:55,109409728062644297175,41.78457345944060,-72.51989411592860,2022-01-29 01:00:39,41.78457345944060,-72.51989411592860,0.0000,32.1332
25300172,2022-01-29 01:00:55,109409728062644297175,41.78455930530310,-72.51993679299630,2022-01-29 01:00:55,41.78457345944060,-72.51989411592860,25.5647,33.3437
25300173,2022-01-29 01:05:13,109409728062644297175,41.78455652028820,-72.51996966817210,2022-01-29 01:00:55,41.78455930530310,-72.51993679299630,0.0238,33.3459
25300174,2022-01-29 01:05:15,109409728062644297175,41.78455652028820,-72.51996966817210,2022-01-29 01:05:13,41.78455652028820,-72.51996966817210,0.0000,22.5201
25300175,2022-01-29 01:05:17,109409728062644297175,41.78455652028820,-72.51996966817210,2022-01-29 01:05:15,41.78455652028820,-72.51996966817210,0.0000,22.5164
25300176,2022-01-29 01:05:25,109409728062644297175,41.78465143084940,-72.51995202610870,2022-01-29 01:05:17,41.78455652028820,-72.51996966817210,3.0970,22.7980
25300177,2022-01-29 01:05:25,109409728062644297175,41.78455652028820,-72.51996966817210,2022-01-29 01:05:25,41.78465143084940,-72.51995202610870,97.9106,28.3805
25300178,2022-01-29 01:11:31,109409728062644297175,41.78466439332980,-72.51983830917170,2022-01-29 01:05:25,41.78455652028820,-72.51996966817210,0.0991,21.7961
25300179,2022-01-29 01:12:12,109409728062644297175,41.78453886691660,-72.51987114749260,2022-01-29 01:11:31,41.78466439332980,-72.51983830917170,0.7765,21.8621
25300180,2022-01-29 01:12:12,109409728062644297175,41.78453027163500,-72.51985836425760,2022-01-29 01:12:12,41.78453886691660,-72.51987114749260,16.0943,13.0588
25300182,2022-01-29 01:12:12,109409728062644297175,41.78466439332980,-72.51983830917170,2022-01-29 01:12:12,41.78453027163500,-72.51985836425760,"16,783,774.5727","1,525,810.7399"
25300183,2022-01-29 01:13:04,109409728062644297175,41.78453027163500,-72.51985836425760,2022-01-29 01:12:12,41.78466439332980,-72.51983830917170,0.6425,"1,525,810.7983"
25300184,2022-01-29 01:13:04,109409728062644297175,41.78451076670220,-72.51989830477610,2022-01-29 01:13:04,41.78453027163500,-72.51985836425760,29.5744,"1,525,811.1628"
25300185,2022-01-29 01:13:46,109409728062644297175,41.78456592325860,-72.51991174115120,2022-01-29 01:13:04,41.78451076670220,-72.51989830477610,0.3309,"1,525,811.1907"
25300186,2022-01-29 01:13:56,109409728062644297175,41.78456592325860,-72.51991174115120,2022-01-29 01:13:46,41.78456592325860,-72.51991174115120,0.0000,"1,525,811.1907"
25300187,2022-01-29 01:13:56,109409728062644297175,41.78459653629480,-72.51998313110340,2022-01-29 01:13:56,41.78456592325860,-72.51991174115120,164.2221,"1,525,826.1200"
25300188,2022-01-29 01:16:04,109409728062644297175,41.78471748734710,-72.51995921976280,2022-01-29 01:13:56,41.78459653629480,-72.51998313110340,0.2375,"1,525,825.8601"
25300189,2022-01-29 01:16:30,109409728062644297175,41.78471748734710,-72.51995921976280,2022-01-29 01:16:04,41.78471748734710,-72.51995921976280,0.0000,"1,525,816.9591"
25300190,2022-01-29 01:18:15,109409728062644297175,41.78465143661570,-72.51995202139840,2022-01-29 01:16:30,41.78471748734710,-72.51995921976280,0.1564,"1,525,816.9643"
25300191,2022-01-29 01:18:16,109409728062644297175,41.78458671888500,-72.51994704996750,2022-01-29 01:18:15,41.78465143661570,-72.51995202139840,15.1100,"1,525,818.2673"
25300192,2022-01-29 01:21:02,109409728062644297175,41.78458671888500,-72.51994704996750,2022-01-29 01:18:16,41.78458671888500,-72.51994704996750,0.0000,"1,525,816.8042"
25300193,2022-01-29 01:21:04,109409728062644297175,41.78440995521660,-72.51979570033790,2022-01-29 01:21:02,41.78458671888500,-72.51994704996750,20.5138,20.9807
25300194,2022-01-29 01:23:43,109409728062644297175,41.78437348409700,-72.51993762185180,2022-01-29 01:21:04,41.78440995521660,-72.51979570033790,0.1753,20.9382
25300195,2022-01-29 01:23:58,109409728062644297175,41.78437348409700,-72.51993762185180,2022-01-29 01:23:43,41.78437348409700,-72.51993762185180,0.0000,18.2496
25300196,2022-01-29 01:23:59,109409728062644297175,41.78442169499860,-72.51990680639310,2022-01-29 01:23:58,41.78437348409700,-72.51993762185180,11.2640,19.2436
25300197,2022-01-29 01:26:37,109409728062644297175,41.78449929211960,-72.51980204320770,2022-01-29 01:23:59,41.78442169499860,-72.51990680639310,0.1732,19.2593
25300198,2022-01-29 01:27:01,109409728062644297175,41.78453008373930,-72.51986429564150,2022-01-29 01:26:37,41.78449929211960,-72.51980204320770,0.5701,4.3818
25300199,2022-01-29 01:27:14,109409728062644297175,41.78449929211960,-72.51980204320770,2022-01-29 01:27:01,41.78453008373930,-72.51986429564150,1.1193,4.4620
25300200,2022-01-29 01:27:14,109409728062644297175,41.78452945607330,-72.51986310543440,2022-01-29 01:27:14,41.78449929211960,-72.51980204320770,NULL,4.9082
25300201,2022-01-29 01:27:47,109409728062644297175,41.78456615139000,-72.51997956882470,2022-01-29 01:27:14,41.78452945607330,-72.51986310543440,0.7053,4.9631
25300202,2022-01-29 01:29:36,109409728062644297175,41.78452656041200,-72.51993716949710,2022-01-29 01:27:47,41.78456615139000,-72.51997956882470,0.1158,3.4637
25300203,2022-01-29 01:29:37,109409728062644297175,41.78452656516880,-72.51993719940500,2022-01-29 01:29:36,41.78452656041200,-72.51993716949710,0.0044,3.4641
25300204,2022-01-29 01:33:01,109409728062644297175,41.78462973502110,-72.52014142945820,2022-01-29 01:29:37,41.78452656516880,-72.51993719940500,0.2245,1.4352
25300205,2022-01-29 01:33:04,109409728062644297175,41.78462973502110,-72.52014142945820,2022-01-29 01:33:01,41.78462973502110,-72.52014142945820,0.0000,1.4177
25300206,2022-01-29 01:34:16,109409728062644297175,41.78451979031880,-72.51986185602460,2022-01-29 01:33:04,41.78462973502110,-72.52014142945820,0.8192,1.4996
25300207,2022-01-29 01:34:21,109409728062644297175,41.78451979031880,-72.51986185602460,2022-01-29 01:34:16,41.78451979031880,-72.51986185602460,0.0000,0.3732
25300208,2022-01-29 01:34:21,109409728062644297175,41.78456971918860,-72.51989186520520,2022-01-29 01:34:21,41.78451979031880,-72.51986185602460,77.1969,8.0755
25300209,2022-01-29 01:34:21,109409728062644297175,41.78456899229520,-72.51989127128970,2022-01-29 01:34:21,41.78456971918860,-72.51989186520520,1.9391,8.2125
25300210,2022-01-29 01:35:21,109409728062644297175,41.78456988255700,-72.51998285415250,2022-01-29 01:34:21,41.78456899229520,-72.51989127128970,0.2834,8.1289
25300211,2022-01-29 01:35:22,109409728062644297175,41.78452384870690,-72.51991344636640,2022-01-29 01:35:21,41.78456988255700,-72.51998285415250,21.0051,9.2994
25300212,2022-01-29 01:36:30,109409728062644297175,41.78452384870690,-72.51991344636640,2022-01-29 01:35:22,41.78452384870690,-72.51991344636640,0.0000,9.2353
25300213,2022-01-29 01:36:30,109409728062644297175,41.78449842479300,-72.51989197771130,2022-01-29 01:36:30,41.78452384870690,-72.51991344636640,9.1732,10.0587
25300214,2022-01-29 01:37:09,109409728062644297175,41.78457900238960,-72.52000158192650,2022-01-29 01:36:30,41.78449842479300,-72.51989197771130,0.7305,10.1247
25300215,2022-01-29 01:41:21,109409728062644297175,41.78466460621610,-72.52006899451930,2022-01-29 01:37:09,41.78457900238960,-72.52000158192650,0.0982,10.1132
25300216,2022-01-29 01:41:22,109409728062644297175,41.78458794941740,-72.51994678286170,2022-01-29 01:41:21,41.78466460621610,-72.52006899451930,35.9719,13.3834
25300217,2022-01-29 01:45:23,109409728062644297175,41.78458794941740,-72.51994678286170,2022-01-29 01:41:22,41.78458794941740,-72.51994678286170,0.0000,13.3089
25300218,2022-01-29 01:45:23,109409728062644297175,41.78462781741980,-72.51975714452320,2022-01-29 01:45:23,41.78458794941740,-72.51994678286170,119.4653,24.1694
25300219,2022-01-29 01:45:48,109409728062644297175,41.78455058800480,-72.51990578525200,2022-01-29 01:45:23,41.78462781741980,-72.51975714452320,1.3880,17.2777
25300220,2022-01-29 01:48:49,109409728062644297175,41.78466438726690,-72.51983831782940,2022-01-29 01:45:48,41.78455058800480,-72.51990578525200,0.1705,17.1169
25300221,2022-01-29 01:48:50,109409728062644297175,41.78458975637920,-72.51987975854460,2022-01-29 01:48:49,41.78466438726690,-72.51983831782940,34.5600,20.2330
25300222,2022-01-29 01:49:01,109409728062644297175,41.78457670907850,-72.51992821609000,2022-01-29 01:48:50,41.78458975637920,-72.51987975854460,0.8703,18.4025
25300223,2022-01-29 01:49:43,109409728062644297175,41.78457670907850,-72.51992821609000,2022-01-29 01:49:01,41.78457670907850,-72.51992821609000,0.0000,18.4025
25300224,2022-01-29 01:49:43,109409728062644297175,41.78455841226340,-72.51992504249020,2022-01-29 01:49:43,41.78457670907850,-72.51992821609000,8.4369,18.3356
25300225,2022-01-29 02:00:57,109409728062644297175,41.78466460617340,-72.52006899537790,2022-01-29 01:49:43,41.78455841226340,-72.51992504249020,0.0557,18.2743
25300226,2022-01-29 02:00:57,109409728062644297175,41.78453885670350,-72.51987116790790,2022-01-29 02:00:57,41.78466460617340,-72.52006899537790,271.2640,42.9257
25300227,2022-01-29 02:00:58,109409728062644297175,41.78453873450290,-72.51987098105050,2022-01-29 02:00:57,41.78453885670350,-72.51987116790790,0.1535,39.6695
25300228,2022-01-29 02:02:25,109409728062644297175,41.78453873450290,-72.51987098105050,2022-01-29 02:00:58,41.78453873450290,-72.51987098105050,0.0000,39.6695
25300229,2022-01-29 02:02:25,109409728062644297175,41.78451977877050,-72.51986182907390,2022-01-29 02:02:25,41.78453873450290,-72.51987098105050,19.5311,30.5845
25300230,2022-01-29 02:04:08,109409728062644297175,41.78447759108260,-72.51987616470340,2022-01-29 02:02:25,41.78451977877050,-72.51986182907390,0.1047,30.4679
25300231,2022-01-29 02:08:11,109409728062644297175,41.78455047223040,-72.51990574968310,2022-01-29 02:04:08,41.78447759108260,-72.51987616470340,0.0782,30.4595
25300232,2022-01-29 02:08:31,109409728062644297175,41.78455047223040,-72.51990574968310,2022-01-29 02:08:11,41.78455047223040,-72.51990574968310,0.0000,27.3177
25300233,2022-01-29 02:08:31,109409728062644297175,41.78440999366560,-72.51979570170530,2022-01-29 02:08:31,41.78455047223040,-72.51990574968310,69.3615,33.5442
25300234,2022-01-29 02:08:33,109409728062644297175,41.78448816049640,-72.51992576130330,2022-01-29 02:08:31,41.78440999366560,-72.51979570170530,20.4742,35.4054
25300235,2022-01-29 02:08:33,109409728062644297175,41.78449692359490,-72.51994027129770,2022-01-29 02:08:33,41.78448816049640,-72.51992576130330,10.1550,35.5616
25300236,2022-01-29 02:44:59,109409728062644297175,41.78453798139820,-72.52000153287210,2022-01-29 02:08:33,41.78449692359490,-72.51994027129770,0.0070,35.5572
25300237,2022-01-29 02:45:52,109409728062644297175,41.78453798139820,-72.52000153287210,2022-01-29 02:44:59,41.78453798139820,-72.52000153287210,0.0000,10.8968
25300238,2022-01-29 02:45:52,109409728062644297175,41.78457274401210,-72.52010028252670,2022-01-29 02:45:52,41.78453798139820,-72.52000153287210,65.4819,16.8358
25300239,2022-01-29 02:54:10,109409728062644297175,41.78457308268050,-72.51988052793480,2022-01-29 02:45:52,41.78457274401210,-72.52010028252670,0.0819,16.8432
25300240,2022-01-29 02:56:00,109409728062644297175,41.78452145644140,-72.51992995386960,2022-01-29 02:54:10,41.78457308268050,-72.51988052793480,0.1431,15.0807
25300241,2022-01-29 02:59:01,109409728062644297175,41.78448083146020,-72.51986481443830,2022-01-29 02:56:00,41.78452145644140,-72.51992995386960,0.0872,15.0791
25300242,2022-01-29 02:59:02,109409728062644297175,41.78448083146020,-72.51986481443830,2022-01-29 02:59:01,41.78448083146020,-72.51986481443830,0.0000,15.0720
25300243,2022-01-29 02:59:33,109409728062644297175,41.78453903568670,-72.51992767774620,2022-01-29 02:59:02,41.78448083146020,-72.51986481443830,0.6029,15.1268
25300244,2022-01-29 03:04:01,109409728062644297175,41.78451959013210,-72.51992402778110,2022-01-29 02:59:33,41.78453903568670,-72.51992767774620,0.0182,8.8229
25300245,2022-01-29 03:05:09,109409728062644297175,41.78445299042910,-72.51989916128490,2022-01-29 03:04:01,41.78451959013210,-72.51992402778110,0.2506,6.9844
25300246,2022-01-29 03:05:53,109409728062644297175,41.78449996341010,-72.51990153228150,2022-01-29 03:05:09,41.78445299042910,-72.51989916128490,0.2679,6.0855
25300247,2022-01-29 03:07:20,109409728062644297175,41.78451321024760,-72.51986853090680,2022-01-29 03:05:53,41.78449996341010,-72.51990153228150,0.0799,6.0922
25300248,2022-01-29 03:13:55,109409728062644297175,41.78471739187900,-72.51995825828060,2022-01-29 03:07:20,41.78451321024760,-72.51986853090680,0.1354,6.1045
25300249,2022-01-29 03:14:34,109409728062644297175,41.78458033747020,-72.52152161298940,2022-01-29 03:13:55,41.78471739187900,-72.51995825828060,7.4611,0.8298
25300250,2022-01-29 03:15:51,109409728062644297175,41.78449819617740,-72.51988178637780,2022-01-29 03:14:34,41.78458033747020,-72.52152161298940,3.9333,1.1800
25300251,2022-01-29 03:15:57,109409728062644297175,41.78449988690150,-72.51988336266710,2022-01-29 03:15:51,41.78449819617740,-72.51988178637780,0.0879,1.1750
25300252,2022-01-29 03:18:08,109409728062644297175,41.78453107070050,-72.51991243582480,2022-01-29 03:15:57,41.78449988690150,-72.51988336266710,0.0722,1.1736
25300253,2022-01-29 03:20:56,109409728062644297175,41.78455651373570,-72.51997465346040,2022-01-29 03:18:08,41.78453107070050,-72.51991243582480,0.0781,1.1807
25300254,2022-01-29 03:24:34,109409728062644297175,41.78471715539650,-72.51995800260090,2022-01-29 03:20:56,41.78455651373570,-72.51997465346040,0.1845,1.1427
25300255,2022-01-29 03:28:15,109409728062644297175,41.78454840803120,-72.51991667249680,2022-01-29 03:24:34,41.78471715539650,-72.51995800260090,0.1925,1.1585
25300256,2022-01-29 03:29:09,109409728062644297175,41.78456127909590,-72.51992221259300,2022-01-29 03:28:15,41.78454840803120,-72.51991667249680,0.0628,1.1414
25300257,2022-01-29 03:33:45,109409728062644297175,41.78462981960250,-72.51994990937830,2022-01-29 03:29:09,41.78456127909590,-72.51992221259300,0.0644,1.1229
25300258,2022-01-29 03:35:52,109409728062644297175,41.78452224839450,-72.51989016938540,2022-01-29 03:33:45,41.78462981960250,-72.51994990937830,0.2283,1.1364
25300259,2022-01-29 03:38:48,109409728062644297175,41.78440998293810,-72.51979569879490,2022-01-29 03:35:52,41.78452224839450,-72.51989016938540,0.1869,1.1411
25300260,2022-01-29 03:42:44,109409728062644297175,41.78414575622930,-72.51963826032170,2022-01-29 03:38:48,41.78440998293810,-72.51979569879490,0.3056,0.4906
25300261,2022-01-29 03:46:26,109409728062644297175,41.78451123426550,-72.51991705810630,2022-01-29 03:42:44,41.78414575622930,-72.51963826032170,0.4700,0.1758
25300262,2022-01-29 03:47:36,109409728062644297175,41.78463144570560,-72.51976620276270,2022-01-29 03:46:26,41.78451123426550,-72.51991705810630,0.5848,0.2209
25300263,2022-01-29 03:48:50,109409728062644297175,41.78455391068850,-72.51990771510720,2022-01-29 03:47:36,41.78463144570560,-72.51976620276270,0.4405,0.2544
25300264,2022-01-29 03:49:54,109409728062644297175,41.78454829902390,-72.51997018246040,2022-01-29 03:48:50,41.78455391068850,-72.51990771510720,0.1819,0.2639
25300265,2022-01-29 03:50:35,109409728062644297175,41.78454841275670,-72.51997037799040,2022-01-29 03:49:54,41.78454829902390,-72.51997018246040,0.0011,0.2472
25300266,2022-01-29 03:51:43,109409728062644297175,41.78449818579390,-72.51988177172130,2022-01-29 03:50:35,41.78454841275670,-72.51997037799040,0.3037,0.2573
25300267,2022-01-29 03:52:20,109409728062644297175,41.78453398290140,-72.51994439504180,2022-01-29 03:51:43,41.78449818579390,-72.51988177172130,0.3947,0.2875
25300268,2022-01-29 03:53:46,109409728062644297175,41.78453871633920,-72.51992737925270,2022-01-29 03:52:20,41.78453398290140,-72.51994439504180,0.0393,0.2852
25300269,2022-01-29 03:54:41,109409728062644297175,41.78451735917050,-72.51991073540140,2022-01-29 03:53:46,41.78453871633920,-72.51992737925270,0.1122,0.2746
25300270,2022-01-29 03:58:48,109409728062644297175,41.78444016438090,-72.51984166015770,2022-01-29 03:54:41,41.78451735917050,-72.51991073540140,0.0933,0.2661
25300271,2022-01-29 04:03:15,109409728062644297175,41.78466460038840,-72.52006898779070,2022-01-29 03:58:48,41.78444016438090,-72.51984166015770,0.2620,0.2621
25300272,2022-01-29 04:04:55,109409728062644297175,41.78472976033010,-72.51996471788140,2022-01-29 04:03:15,41.78466460038840,-72.52006898779070,0.2523,0.2424
25300273,2022-01-29 04:09:24,109409728062644297175,41.78454806495940,-72.51991769331970,2022-01-29 04:04:55,41.78472976033010,-72.51996471788140,0.1715,0.2048
25300274,2022-01-29 04:09:45,109409728062644297175,41.78454806495940,-72.51991769331970,2022-01-29 04:09:24,41.78454806495940,-72.51991769331970,0.0000,0.1647
25300275,2022-01-29 04:09:46,109409728062644297175,41.78441001222460,-72.51979570298640,2022-01-29 04:09:45,41.78454806495940,-72.51991769331970,68.4034,6.3667
25300276,2022-01-29 04:09:47,109409728062644297175,41.78448272528740,-72.51986718564840,2022-01-29 04:09:46,41.78441001222460,-72.51979570298640,29.5678,9.0546
25300277,2022-01-29 04:10:41,109409728062644297175,41.78448272528740,-72.51986718564840,2022-01-29 04:09:47,41.78448272528740,-72.51986718564840,0.0000,9.0270
25300278,2022-01-29 04:10:41,109409728062644297175,41.78451977931930,-72.51992422421100,2022-01-29 04:10:41,41.78448272528740,-72.51986718564840,50.9646,13.6242
25300279,2022-01-29 14:53:12,109409728062644297175,41.78459904187800,-72.52004347623760,2022-01-29 04:10:41,41.78451977931930,-72.51992422421100,0.0008,13.6207
25300280,2022-01-29 14:53:12,109409728062644297175,41.78458827067040,-72.51999869517980,2022-01-29 14:53:12,41.78459904187800,-72.52004347623760,14.8341,14.9591
25300281,2022-01-29 14:53:41,109409728062644297175,41.78455474936730,-72.51993078859390,2022-01-29 14:53:12,41.78458827067040,-72.51999869517980,0.5262,14.9984
25300282,2022-01-29 14:55:11,109409728062644297175,41.78456743785930,-72.51991018510260,2022-01-29 14:53:41,41.78455474936730,-72.51993078859390,0.0554,14.9796
25300283,2022-01-29 14:57:14,109409728062644297175,41.78446608044540,-72.51984424796960,2022-01-29 14:55:11,41.78456743785930,-72.51991018510260,0.2271,14.9774
25300284,2022-01-29 14:57:15,109409728062644297175,41.78453015045760,-72.51991147489310,2022-01-29 14:57:14,41.78446608044540,-72.51984424796960,19.1660,16.7041
25300285,2022-01-29 14:57:16,109409728062644297175,41.78453112869030,-72.51991254107430,2022-01-29 14:57:15,41.78453015045760,-72.51991147489310,0.3352,16.7346
25300286,2022-01-29 14:57:23,109409728062644297175,41.78453112869030,-72.51991254107430,2022-01-29 14:57:16,41.78453112869030,-72.51991254107430,0.0000,10.5161
25300287,2022-01-29 14:58:36,109409728062644297175,41.78455626193460,-72.51991866157130,2022-01-29 14:57:23,41.78453112869030,-72.51991254107430,0.0875,7.8361
25300288,2022-01-29 15:03:24,109409728062644297175,41.78452871710420,-72.51993693796540,2022-01-29 14:58:36,41.78455626193460,-72.51991866157130,0.0265,7.8385
25300289,2022-01-29 15:03:24,109409728062644297175,41.78453009560070,-72.51986530006750,2022-01-29 15:03:24,41.78452871710420,-72.51993693796540,40.6413,6.9000
25300290,2022-01-29 15:03:30,109409728062644297175,41.78453009560070,-72.51986530006750,2022-01-29 15:03:24,41.78453009560070,-72.51986530006750,0.0000,6.8999
25300291,2022-01-29 15:03:30,109409728062644297175,41.78458238153950,-72.51985654585700,2022-01-29 15:03:30,41.78453009560070,-72.51986530006750,NULL,6.1065
25300292,2022-01-29 15:03:31,109409728062644297175,41.78458406063990,-72.51985675833050,2022-01-29 15:03:30,41.78458238153950,-72.51985654585700,0.7203,6.1259
25300293,2022-01-29 15:05:52,109409728062644297175,41.78463082560200,-72.51976016245500,2022-01-29 15:03:31,41.78458406063990,-72.51985675833050,0.1507,6.1355
25300294,2022-01-29 15:05:57,109409728062644297175,41.78463082560200,-72.51976016245500,2022-01-29 15:05:52,41.78463082560200,-72.51976016245500,0.0000,6.1128
25300295,2022-01-29 15:06:13,109409728062644297175,41.78463082560200,-72.51976016245500,2022-01-29 15:05:57,41.78463082560200,-72.51976016245500,0.0000,4.1961
25300296,2022-01-29 15:06:13,109409728062644297175,41.78448817479190,-72.51984097774810,2022-01-29 15:06:13,41.78463082560200,-72.51976016245500,129.3364,17.0963
25300297,2022-01-29 15:07:40,109409728062644297175,41.78455113445490,-72.51993348559070,2022-01-29 15:06:13,41.78448817479190,-72.51984097774810,0.2661,17.1229
25300298,2022-01-29 15:07:42,109409728062644297175,41.78455159306430,-72.51993348308980,2022-01-29 15:07:40,41.78455113445490,-72.51993348559070,0.0752,17.1217
25300299,2022-01-29 15:10:41,109409728062644297175,41.78457938307860,-72.51993772102130,2022-01-29 15:07:42,41.78455159306430,-72.51993348308980,0.0388,17.1229
25300300,2022-01-29 15:11:04,109409728062644297175,41.78452302279770,-72.51989046962050,2022-01-29 15:10:41,41.78457938307860,-72.51993772102130,0.7181,13.1306
25300301,2022-01-29 15:11:02,109409728062644297175,41.78457938307860,-72.51993772102130,2022-01-29 15:11:04,41.78452302279770,-72.51989046962050,9.0669,14.0373
25300302,2022-01-29 15:12:09,109409728062644297175,41.78457029738760,-72.51992839311200,2022-01-29 15:11:02,41.78457938307860,-72.51993772102130,0.0425,12.7650
25300303,2022-01-29 15:12:52,109409728062644297175,41.78454663227550,-72.51994444319080,2022-01-29 15:12:09,41.78457029738760,-72.51992839311200,0.1550,12.7136
25300304,2022-01-29 15:12:53,109409728062644297175,41.78456478954190,-72.51994482117940,2022-01-29 15:12:52,41.78454663227550,-72.51994444319080,3.3614,13.0055
25300305,2022-01-29 15:13:07,109409728062644297175,41.78456478954190,-72.51994482117940,2022-01-29 15:12:53,41.78456478954190,-72.51994482117940,0.0000,13.0055
25300306,2022-01-29 15:13:08,109409728062644297175,41.78455093074290,-72.51990596794790,2022-01-29 15:13:07,41.78456478954190,-72.51994482117940,29.0286,15.6445
25300307,2022-01-29 17:01:16,109409728062644297175,41.78446567311980,-72.51984398679420,2022-01-29 15:13:08,41.78455093074290,-72.51990596794790,0.0037,3.8870
25300407,2022-01-29 21:26:55,109409728062644297175,41.78462975203850,-72.51975994670610,2022-01-29 17:01:16,41.78446567311980,-72.51984398679420,0.0027,3.8630
25300408,2022-01-29 21:26:55,109409728062644297175,41.78462983982710,-72.51976018165370,2022-01-29 21:26:55,41.78462975203850,-72.51975994670610,0.1963,3.8740
25300409,2022-01-29 21:27:00,109409728062644297175,41.78452135656860,-72.51986037964910,2022-01-29 21:26:55,41.78462983982710,-72.51976018165370,6.9740,4.5045
25300410,2022-01-29 21:31:49,109409728062644297175,41.78451976908280,-72.51986184628460,2022-01-29 21:27:00,41.78452135656860,-72.51986037964910,0.0017,4.4393
25300411,2022-01-29 21:31:52,109409728062644297175,41.78451976908280,-72.51986184628460,2022-01-29 21:31:49,41.78451976908280,-72.51986184628460,0.0000,3.6151
25300412,2022-01-29 21:31:53,109409728062644297175,41.78462975156880,-72.51976019477720,2022-01-29 21:31:52,41.78451976908280,-72.51986184628460,23.3103,5.7303
25300413,2022-01-29 21:33:05,109409728062644297175,41.78454844325270,-72.51991772171510,2022-01-29 21:31:53,41.78462975156880,-72.51976019477720,0.4932,5.7611
25300414,2022-01-29 21:33:06,109409728062644297175,41.78456488179980,-72.51995304822880,2022-01-29 21:33:05,41.78454844325270,-72.51991772171510,6.7445,6.0686
25300415,2022-01-29 21:33:25,109409728062644297175,41.78456488179980,-72.51995304822880,2022-01-29 21:33:06,41.78456488179980,-72.51995304822880,0.0000,6.0686
25300416,2022-01-29 21:33:26,109409728062644297175,41.78456844586170,-72.51995992486890,2022-01-29 21:33:25,41.78456488179980,-72.51995304822880,3.6343,3.7601
25300417,2022-01-29 21:34:26,109409728062644297175,41.78448426877180,-72.51981733952520,2022-01-29 21:33:26,41.78456844586170,-72.51995992486890,0.5570,3.8104
25300418,2022-01-29 21:35:21,109409728062644297175,41.78450697265920,-72.51985906029160,2022-01-29 21:34:26,41.78448426877180,-72.51981733952520,0.1749,3.8260
25300419,2022-01-29 21:37:34,109409728062644297175,41.78451736098550,-72.51991069454050,2022-01-29 21:35:21,41.78450697265920,-72.51985906029160,0.0743,3.8149
25300420,2022-01-29 21:37:37,109409728062644297175,41.78451736098550,-72.51991069454050,2022-01-29 21:37:34,41.78451736098550,-72.51991069454050,0.0000,3.1809
25300421,2022-01-29 21:37:38,109409728062644297175,41.78447566472380,-72.51982489483650,2022-01-29 21:37:37,41.78451736098550,-72.51991069454050,75.2297,10.0198
25300422,2022-01-29 21:37:43,109409728062644297175,41.78447566472380,-72.51982489483650,2022-01-29 21:37:38,41.78447566472380,-72.51982489483650,0.0000,10.0198
25300423,2022-01-29 21:37:43,109409728062644297175,41.78451537103000,-72.51991074703040,2022-01-29 21:37:43,41.78447566472380,-72.51982489483650,185.5385,24.7679
25300424,2022-01-29 21:37:43,109409728062644297175,41.78451583509140,-72.51991177264100,2022-01-29 21:37:43,41.78451537103000,-72.51991074703040,0.8313,24.7986
25300425,2022-01-29 21:38:28,109409728062644297175,41.78454670408350,-72.51994464385950,2022-01-29 21:37:43,41.78451583509140,-72.51991177264100,0.2192,24.2054
25300426,2022-01-29 21:38:28,109409728062644297175,41.78453993666710,-72.51992582253640,2022-01-29 21:38:28,41.78454670408350,-72.51994464385950,7.5311,24.8900
25300427,2022-01-29 21:39:25,109409728062644297175,41.78453993666710,-72.51992582253640,2022-01-29 21:38:28,41.78453993666710,-72.51992582253640,0.0000,24.5596
25300428,2022-01-29 21:39:25,109409728062644297175,41.78453792501230,-72.51992019699430,2022-01-29 21:39:25,41.78453993666710,-72.51992582253640,4.6073,24.9279
25300429,2022-01-29 21:39:40,109409728062644297175,41.78453792501230,-72.51992019699430,2022-01-29 21:39:25,41.78453792501230,-72.51992019699430,0.0000,24.9119
25300430,2022-01-29 21:39:40,109409728062644297175,41.78452988498720,-72.51985300903070,2022-01-29 21:39:40,41.78453792501230,-72.51992019699430,41.3556,28.6648
25300431,2022-01-29 21:41:20,109409728062644297175,41.78449356334720,-72.51977108592090,2022-01-29 21:39:40,41.78452988498720,-72.51985300903070,0.1760,28.6808
25300432,2022-01-29 21:41:21,109409728062644297175,41.78451090093420,-72.51982370090820,2022-01-29 21:41:20,41.78449356334720,-72.51977108592090,26.7512,24.2737
25300433,2022-01-29 21:46:21,109409728062644297175,41.78452391017360,-72.51979190188040,2022-01-29 21:41:21,41.78451090093420,-72.51982370090820,0.0224,24.2757
25300434,2022-01-29 22:00:06,109409728062644297175,41.78471716611830,-72.51995803699400,2022-01-29 21:46:21,41.78452391017360,-72.51979190188040,0.0692,7.4149
25300435,2022-01-29 22:00:37,109409728062644297175,41.78471716611830,-72.51995803699400,2022-01-29 22:00:06,41.78471716611830,-72.51995803699400,0.0000,7.3393
25300436,2022-01-29 22:00:37,109409728062644297175,41.78458351341240,-72.51997143095650,2022-01-29 22:00:37,41.78471716611830,-72.51995803699400,160.9489,21.9511
25300437,2022-01-29 22:00:38,109409728062644297175,41.78455540783990,-72.51993302718040,2022-01-29 22:00:37,41.78458351341240,-72.51997143095650,15.6624,22.6903
25300438,2022-01-29 22:01:03,109409728062644297175,41.78455540783990,-72.51993302718040,2022-01-29 22:00:38,41.78455540783990,-72.51993302718040,0.0000,22.6903
25300439,2022-01-29 22:01:04,109409728062644297175,41.78449679344200,-72.51986838743510,2022-01-29 22:01:03,41.78455540783990,-72.51993302718040,73.9415,28.9934
25300440,2022-01-29 22:02:31,109409728062644297175,41.78447481893660,-72.51981058355190,2022-01-29 22:01:04,41.78449679344200,-72.51986838743510,0.1376,29.0059
25300441,2022-01-29 22:02:37,109409728062644297175,41.78447481893660,-72.51981058355190,2022-01-29 22:02:31,41.78447481893660,-72.51981058355190,0.0000,25.2463
25300442,2022-01-29 22:10:47,109409728062644297175,41.78471753997610,-72.51995816618460,2022-01-29 22:02:37,41.78447481893660,-72.51981058355190,0.1353,25.2426
25300443,2022-01-29 22:11:03,109409728062644297175,41.78471753997610,-72.51995816618460,2022-01-29 22:10:47,41.78471753997610,-72.51995816618460,0.0000,22.8107
25300444,2022-01-29 22:11:04,109409728062644297175,41.78452621761830,-72.51991326489310,2022-01-29 22:11:03,41.78471753997610,-72.51995816618460,89.8671,30.9784
25300445,2022-01-29 22:11:05,109409728062644297175,41.78454036267670,-72.51997454667680,2022-01-29 22:11:04,41.78452621761830,-72.51991326489310,8.9561,31.7863
25300446,2022-01-29 22:11:06,109409728062644297175,41.78454355237690,-72.51998853999970,2022-01-29 22:11:05,41.78454036267670,-72.51997454667680,3.6613,32.1191
25300447,2022-01-29 22:14:15,109409728062644297175,41.78453566409200,-72.51995209422120,2022-01-29 22:11:06,41.78454355237690,-72.51998853999970,0.0372,17.4908
25300448,2022-01-29 22:14:18,109409728062644297175,41.78453566409200,-72.51995209422120,2022-01-29 22:14:15,41.78453566409200,-72.51995209422120,0.0000,16.0669
25300449,2022-01-29 22:14:18,109409728062644297175,41.78471692406950,-72.51995755008500,2022-01-29 22:14:18,41.78453566409200,-72.51995209422120,178.0378,32.2522
25300450,2022-01-29 22:22:49,109409728062644297175,41.78446585988980,-72.51984408281730,2022-01-29 22:14:18,41.78471692406950,-72.51995755008500,0.1290,25.5419
25300451,2022-01-29 22:23:28,109409728062644297175,41.78446585988980,-72.51984408281730,2022-01-29 22:22:49,41.78446585988980,-72.51984408281730,0.0000,25.5294
25300452,2022-01-29 22:23:28,109409728062644297175,41.78434631943230,-72.51990566433410,2022-01-29 22:23:28,41.78446585988980,-72.51984408281730,113.1235,35.8134
25300453,2022-01-29 22:23:29,109409728062644297175,41.78438183853300,-72.51992389436810,2022-01-29 22:23:28,41.78434631943230,-72.51990566433410,11.5479,36.8509
25300454,2022-01-29 22:26:26,109409728062644297175,41.78438320157050,-72.51995721397210,2022-01-29 22:23:29,41.78438183853300,-72.51992389436810,0.0350,36.8541
25300455,2022-01-29 22:35:27,109409728062644297175,41.78466439791200,-72.51983831057520,2022-01-29 22:26:26,41.78438320157050,-72.51995721397210,0.1356,28.6967
25300456,2022-01-29 22:35:35,109409728062644297175,41.78466439791200,-72.51983831057520,2022-01-29 22:35:27,41.78466439791200,-72.51983831057520,0.0000,27.8825
25300457,2022-01-29 22:35:36,109409728062644297175,41.78440999311890,-72.51979569980690,2022-01-29 22:35:35,41.78466439791200,-72.51983831057520,117.0262,38.1884
25300458,2022-01-29 22:35:36,109409728062644297175,41.78447973061250,-72.51986382486870,2022-01-29 22:35:36,41.78440999311890,-72.51979569980690,41.3581,41.9448
25300459,2022-01-29 22:45:22,109409728062644297175,41.78462981540020,-72.51994990657800,2022-01-29 22:35:36,41.78447973061250,-72.51986382486870,0.0693,41.9511
25300460,2022-01-29 22:46:35,109409728062644297175,41.78462981540020,-72.51994990657800,2022-01-29 22:45:22,41.78462981540020,-72.51994990657800,0.0000,25.7659
25300461,2022-01-29 22:46:36,109409728062644297175,41.78462982059960,-72.51994991195030,2022-01-29 22:46:35,41.78462981540020,-72.51994990657800,0.0063,25.7547
25300462,2022-01-29 22:46:37,109409728062644297175,41.78457094489410,-72.51994559943830,2022-01-29 22:46:36,41.78462982059960,-72.51994991195030,17.2755,27.3252
25300463,2022-01-29 22:48:33,109409728062644297175,41.78457094489410,-72.51994559943830,2022-01-29 22:46:37,41.78457094489410,-72.51994559943830,0.0000,17.0413
25300464,2022-01-29 22:48:33,109409728062644297175,41.78449941408400,-72.51988376304490,2022-01-29 22:48:33,41.78457094489410,-72.51994559943830,70.4353,22.3947
25300465,2022-01-29 22:49:17,109409728062644297175,41.78450188624230,-72.51991024081930,2022-01-29 22:48:33,41.78449941408400,-72.51988376304490,0.1131,22.4018
25300466,2022-01-29 22:56:37,109409728062644297175,41.78462964979160,-72.52014129274610,2022-01-29 22:49:17,41.78450188624230,-72.51991024081930,0.1212,22.4005
25300467,2022-01-29 22:57:04,109409728062644297175,41.78466439670700,-72.51983832177320,2022-01-29 22:56:37,41.78462964979160,-72.52014129274610,2.0852,22.5900
25300468,2022-01-29 22:57:13,109409728062644297175,41.78465069013210,-72.51986826783650,2022-01-29 22:57:04,41.78466439670700,-72.51983832177320,0.7514,12.0196
25300469,2022-01-29 22:59:02,109409728062644297175,41.78464396527510,-72.51988336341390,2022-01-29 22:57:13,41.78465069013210,-72.51986826783650,0.0298,8.2625
25300470,2022-01-29 22:59:56,109409728062644297175,41.78451978710360,-72.51986182950140,2022-01-29 22:59:02,41.78464396527510,-72.51988336341390,0.5757,8.3085
25300471,2022-01-29 23:01:07,109409728062644297175,41.78451977528190,-72.51986183891010,2022-01-29 22:59:56,41.78451978710360,-72.51986182950140,0.0000,8.3085
25300472,2022-01-29 23:01:09,109409728062644297175,41.78451977528190,-72.51986183891010,2022-01-29 23:01:07,41.78451977528190,-72.51986183891010,0.0000,8.3079
25300473,2022-01-29 23:01:09,109409728062644297175,41.78448462560500,-72.51985692566120,2022-01-29 23:01:09,41.78451977528190,-72.51986183891010,31.4221,9.5940
25300474,2022-01-29 23:01:20,109409728062644297175,41.78448462560500,-72.51985692566120,2022-01-29 23:01:09,41.78448462560500,-72.51985692566120,0.0000,9.5940
25300475,2022-01-29 23:01:20,109409728062644297175,41.78448437509700,-72.51985689851330,2022-01-29 23:01:20,41.78448462560500,-72.51985692566120,0.0923,3.1992
25300476,2022-01-29 23:19:19,109409728062644297175,41.78462951618130,-72.51976004022570,2022-01-29 23:01:20,41.78448437509700,-72.51985689851330,0.0374,3.1923
25300477,2022-01-29 23:19:53,109409728062644297175,41.78462951618130,-72.51976004022570,2022-01-29 23:19:19,41.78462951618130,-72.51976004022570,0.0000,3.1813
25300478,2022-01-29 23:19:53,109409728062644297175,41.78452981679190,-72.51989203175620,2022-01-29 23:19:53,41.78462951618130,-72.51976004022570,"409,958.8688","37,271.9798"
25300479,2022-01-29 23:22:09,109409728062644297175,41.78452981679190,-72.51989203175620,2022-01-29 23:19:53,41.78452981679190,-72.51989203175620,0.0000,"37,271.9115"
25300480,2022-01-29 23:22:09,109409728062644297175,41.78441637824210,-72.51979389010500,2022-01-29 23:22:09,41.78452981679190,-72.51989203175620,104.2786,"37,281.3886"
25300481,2022-01-29 23:24:06,109409728062644297175,41.78449010471320,-72.51983767071960,2022-01-29 23:22:09,41.78441637824210,-72.51979389010500,0.1714,"37,281.3519"
25300482,2022-01-29 23:26:27,109409728062644297175,41.78450966220960,-72.51986261868540,2022-01-29 23:24:06,41.78449010471320,-72.51983767071960,0.0477,"37,281.3562"
25300483,2022-01-29 23:27:15,109409728062644297175,41.78459101474770,-72.51991713124130,2022-01-29 23:26:27,41.78450966220960,-72.51986261868540,0.4723,"37,281.3991"
25300484,2022-01-29 23:27:15,109409728062644297175,41.78450966220960,-72.51986261868540,2022-01-29 23:27:15,41.78459101474770,-72.51991713124130,109.7807,"37,288.5227"
25300485,2022-01-29 23:28:35,109409728062644297175,41.78459574150870,-72.51978680813100,2022-01-29 23:27:15,41.78450966220960,-72.51986261868540,0.3182,"37,288.5516"
25300486,2022-01-29 23:28:35,109409728062644297175,41.78459101474770,-72.51991713124130,2022-01-29 23:28:35,41.78459574150870,-72.51978680813100,NULL,"41,017.3975"
25300487,2022-01-29 23:29:28,109409728062644297175,41.78455667281280,-72.51985090855340,2022-01-29 23:28:35,41.78459101474770,-72.51991713124130,0.2841,"41,017.4222"
25300488,2022-01-29 23:33:36,109409728062644297175,41.78457776141970,-72.51992779109120,2022-01-29 23:29:28,41.78455667281280,-72.51985090855340,0.0611,"41,017.4283"
25300489,2022-01-29 23:58:27,109409728062644297175,41.78455900842550,-72.51993674465790,2022-01-29 23:33:36,41.78457776141970,-72.51992779109120,0.0033,21.5417
25300490,2022-01-29 23:58:27,109409728062644297175,41.78457052301570,-72.51991496402900,2022-01-29 23:58:27,41.78455900842550,-72.51993674465790,"150,059.5809","15,027.4998"
25300491,2022-01-29 23:58:59,109409728062644297175,41.78457328129650,-72.51994288817430,2022-01-29 23:58:27,41.78457052301570,-72.51991496402900,0.1650,"15,017.0885"
25300492,2022-01-29 23:59:43,109409728062644297175,41.78458273485810,-72.51995270704720,2022-01-29 23:58:59,41.78457328129650,-72.51994288817430,0.0676,"15,017.0781"
25300493,2022-01-30 00:04:04,109409728062644297175,41.78452302630850,-72.51989047278260,2022-01-29 23:59:43,41.78458273485810,-72.51995270704720,0.0721,"15,017.0805"
25300494,2022-01-30 00:04:25,109409728062644297175,41.78452302630850,-72.51989047278260,2022-01-30 00:04:04,41.78452302630850,-72.51989047278260,0.0000,"15,017.0333"
25300495,2022-01-30 00:04:26,109409728062644297175,41.78466460121280,-72.52006898763450,2022-01-30 00:04:25,41.78452302630850,-72.51989047278260,169.4483,"15,023.0001"
25300496,2022-01-30 00:04:27,109409728062644297175,41.78458320804470,-72.51998966694650,2022-01-30 00:04:26,41.78466460121280,-72.52006898763450,30.2424,"15,025.9925"
25300497,2022-01-30 00:06:41,109409728062644297175,41.78457274403920,-72.51998430639730,2022-01-30 00:04:27,41.78458320804470,-72.51998966694650,0.0207,"13,659.9951"
25300498,2022-01-30 00:07:18,109409728062644297175,41.78456228721980,-72.51996925122610,2022-01-30 00:06:41,41.78457274403920,-72.51998430639730,0.1039,"13,659.9787"
25300499,2022-01-30 00:08:30,109409728062644297175,41.78456157761540,-72.51988869122880,2022-01-30 00:07:18,41.78456228721980,-72.51996925122610,0.2076,"13,659.9920"
25300500,2022-01-30 00:10:36,109409728062644297175,41.78454327218260,-72.51984314769160,2022-01-30 00:08:30,41.78456157761540,-72.51988869122880,0.0762,"13,659.9986"
25300501,2022-01-30 00:10:37,109409728062644297175,41.78456213657120,-72.51989185636920,2022-01-30 00:10:36,41.78454327218260,-72.51984314769160,6.1325,18.7760
25300502,2022-01-30 00:10:38,109409728062644297175,41.78456462091430,-72.51989822348360,2022-01-30 00:10:37,41.78456213657120,-72.51989185636920,4.0120,19.1258
25300503,2022-01-30 00:20:50,109409728062644297175,41.78454097711590,-72.51995017479000,2022-01-30 00:10:38,41.78456462091430,-72.51989822348360,0.0184,19.1213
25300504,2022-01-30 00:20:50,109409728062644297175,41.78458919176740,-72.52016204554660,2022-01-30 00:20:50,41.78454097711590,-72.51995017479000,"2,739,011.0884","249,020.1228"
25300505,2022-01-30 00:25:29,109409728062644297175,41.78471745547640,-72.51995868476660,2022-01-30 00:20:50,41.78458919176740,-72.52016204554660,0.1769,"249,020.1389"
30300506,2022-03-05 17:06:15,109409728062644297175,41.78462893408680,-72.51992514552550,2022-01-30 00:25:29,41.78471745547640,-72.51995868476660,0.0000,"249,004.7345"
30300507,2022-03-05 17:06:15,109409728062644297175,41.78462893408680,-72.51992514552550,2022-03-05 17:06:15,41.78462893408680,-72.51992514552550,0.0000,"249,001.9852"
30300508,2022-03-05 17:06:50,109409728062644297175,41.78461138094470,-72.52009927956420,2022-03-05 17:06:15,41.78462893408680,-72.51992514552550,0.9236,"249,002.0672"
30300509,2022-03-05 17:06:15,109409728062644297175,41.78461141292080,-72.52009896942080,2022-03-05 17:06:50,41.78461138094470,-72.52009927956420,0.0017,"249,002.0579"
30300510,2022-03-05 17:06:15,109409728062644297175,41.78461141292080,-72.52009896942080,2022-03-05 17:06:15,41.78461141292080,-72.52009896942080,0.0000,"249,002.0391"
30300511,2022-03-05 17:06:50,109409728062644297175,41.78461138094470,-72.52009927956420,2022-03-05 17:06:15,41.78461141292080,-72.52009896942080,0.0017,"249,002.0323"
30300512,2022-03-05 17:15:43,109409728062644297175,41.78447406008580,-72.51990682744320,2022-03-05 17:06:50,41.78461138094470,-72.52009927956420,0.0927,"249,001.4832"
30300513,2022-03-05 17:15:43,109409728062644297175,41.78447406008580,-72.51990682744320,2022-03-05 17:15:43,41.78447406008580,-72.51990682744320,0.0000,"249,001.1185"
30300514,2022-03-05 17:27:04,109409728062644297175,41.78449941616940,-72.51979603459690,2022-03-05 17:15:43,41.78447406008580,-72.51990682744320,0.0316,"249,001.1197"
30300515,2022-03-05 17:27:04,109409728062644297175,41.78449941616940,-72.51979603459690,2022-03-05 17:27:04,41.78449941616940,-72.51979603459690,0.0000,0.1116
30300516,2022-03-05 17:27:22,109409728062644297175,41.78449941616940,-72.51979603459690,2022-03-05 17:27:04,41.78449941616940,-72.51979603459690,0.0000,0.0956
30300517,2022-03-05 17:27:22,109409728062644297175,41.78449941616940,-72.51979603459690,2022-03-05 17:27:22,41.78449941616940,-72.51979603459690,0.0000,0.0956
30300518,2022-03-05 17:27:30,109409728062644297175,41.78461138929300,-72.52009892579510,2022-03-05 17:27:22,41.78449941616940,-72.51979603459690,8.0241,0.8250
30300519,2022-03-05 17:27:30,109409728062644297175,41.78461138929300,-72.52009892579510,2022-03-05 17:27:30,41.78461138929300,-72.52009892579510,0.0000,0.7411
30300520,2022-03-05 17:27:33,109409728062644297175,41.78461170632480,-72.52009984213870,2022-03-05 17:27:30,41.78461138929300,-72.52009892579510,0.0615,0.7465
30300521,2022-03-05 17:27:33,109409728062644297175,41.78461152034050,-72.52009930848260,2022-03-05 17:27:33,41.78461170632480,-72.52009984213870,0.9789,0.8355
30300522,2022-03-05 17:27:33,109409728062644297175,41.78461170632480,-72.52009984213870,2022-03-05 17:27:33,41.78461152034050,-72.52009930848260,0.9857,0.9249
30300523,2022-03-05 17:27:33,109409728062644297175,41.78461146544500,-72.52009915033940,2022-03-05 17:27:33,41.78461170632480,-72.52009984213870,1.2702,1.0320
30300524,2022-03-05 17:27:33,109409728062644297175,41.78461152034050,-72.52009930848260,2022-03-05 17:27:33,41.78461146544500,-72.52009915033940,63.8136,6.8332
30300525,2022-03-05 17:27:33,109409728062644297175,41.78461146544500,-72.52009915033940,2022-03-05 17:27:33,41.78461152034050,-72.52009930848260,33.2513,9.8532
30300526,2022-03-05 17:27:38,109409728062644297175,41.78461146544500,-72.52009915033940,2022-03-05 17:27:33,41.78461146544500,-72.52009915033940,0.0000,9.8532
30300527,2022-03-05 17:27:38,109409728062644297175,41.78461146544500,-72.52009915033940,2022-03-05 17:27:38,41.78461146544500,-72.52009915033940,0.0000,9.8532
30300528,2022-03-05 17:49:03,109409728062644297175,41.78447138835750,-72.51977518062820,2022-03-05 17:27:38,41.78461146544500,-72.52009915033940,0.0541,9.8581
30300529,2022-03-05 17:50:59,109409728062644297175,41.78448229037100,-72.51990681550180,2022-03-05 17:49:03,41.78447138835750,-72.51977518062820,0.2121,9.1479
30300530,2022-03-05 18:42:47,109409728062644297175,41.78457526856380,-72.51992216049660,2022-03-05 17:50:59,41.78448229037100,-72.51990681550180,0.0075,9.1486
30300531,2022-03-05 18:57:10,109409728062644297175,41.78441058661560,-72.51986747322260,2022-03-05 18:42:47,41.78457526856380,-72.51992216049660,0.0489,9.1475
30300532,2022-03-05 19:21:55,109409728062644297175,41.78463537281870,-72.51970863043600,2022-03-05 18:57:10,41.78441058661560,-72.51986747322260,0.0425,9.0623
30300533,2022-03-05 19:34:05,109409728062644297175,41.78435784017150,-72.51981546638810,2022-03-05 19:21:55,41.78463537281870,-72.51970863043600,0.0984,8.9817
30300536,2022-03-05 19:47:51,109409728062644297175,41.78449204243980,-72.51998933734130,2022-03-05 19:34:05,41.78435784017150,-72.51981546638810,0.0562,8.8713
30300537,2022-03-05 19:48:22,109409728062644297175,41.78461140720960,-72.52009899197610,2022-03-05 19:47:51,41.78449204243980,-72.51998933734130,1.1782,3.1772
30300538,2022-03-05 19:48:48,109409728062644297175,41.78461145897920,-72.52009900693630,2022-03-05 19:48:22,41.78461140720960,-72.52009899197610,0.0005,0.1544
30300539,2022-03-05 19:53:28,109409728062644297175,41.78460829183140,-72.52000998424220,2022-03-05 19:48:48,41.78461145897920,-72.52009900693630,0.0590,0.1598
30300540,2022-03-05 19:54:39,109409728062644297175,41.78460829183140,-72.52000998424220,2022-03-05 19:53:28,41.78460829183140,-72.52000998424220,0.0000,0.1598
30300541,2022-03-05 19:54:39,109409728062644297175,41.78460848862040,-72.52000917090770,2022-03-05 19:54:39,41.78460829183140,-72.52000998424220,0.3931,0.1906
30300542,2022-03-05 19:54:53,109409728062644297175,41.78460846791050,-72.52000925664080,2022-03-05 19:54:39,41.78460848862040,-72.52000917090770,0.0012,0.1714
30300543,2022-03-05 19:54:53,109409728062644297175,41.78460848311830,-72.52000919368460,2022-03-05 19:54:53,41.78460846791050,-72.52000925664080,0.0322,0.1737
30300544,2022-03-05 19:54:54,109409728062644297175,41.78460848475800,-72.52000918689680,2022-03-05 19:54:53,41.78460848311830,-72.52000919368460,0.0277,0.1717
30300546,2022-03-05 19:54:54,109409728062644297175,41.78461636695330,-72.52009514017060,2022-03-05 19:54:54,41.78460848475800,-72.52000918689680,351.5800,32.1297
30300547,2022-03-05 19:54:56,109409728062644297175,41.78461636695330,-72.52009514017060,2022-03-05 19:54:54,41.78461636695330,-72.52009514017060,0.0000,32.1207
30300548,2022-03-05 19:54:56,109409728062644297175,41.78462135724220,-72.52014953641930,2022-03-05 19:54:56,41.78461636695330,-72.52009514017060,299.0230,59.2995
30300550,2022-03-05 19:54:57,109409728062644297175,41.78462216098540,-72.52015831800970,2022-03-05 19:54:56,41.78462135724220,-72.52014953641930,45.2589,63.3069
30300551,2022-03-05 19:55:13,109409728062644297175,41.78462306547430,-72.52016819665180,2022-03-05 19:54:57,41.78462216098540,-72.52015831800970,0.1092,63.3168
30300552,2022-03-05 19:55:13,109409728062644297175,41.78462216098540,-72.52015831800970,2022-03-05 19:55:13,41.78462306547430,-72.52016819665180,55.1033,68.3208
30300554,2022-03-05 19:55:13,109409728062644297175,41.78462316622000,-72.52016929370360,2022-03-05 19:55:13,41.78462216098540,-72.52015831800970,30.9011,71.1300
30300555,2022-03-05 19:55:15,109409728062644297175,41.78462306547430,-72.52016819665180,2022-03-05 19:55:13,41.78462316622000,-72.52016929370360,0.1082,71.1041
30300556,2022-03-05 19:55:16,109409728062644297175,41.78462289640540,-72.52016635612160,2022-03-05 19:55:15,41.78462306547430,-72.52016819665180,1.2132,71.2143
30300558,2022-03-05 19:55:15,109409728062644297175,41.78462282808230,-72.52016561264310,2022-03-05 19:55:16,41.78462289640540,-72.52016635612160,1.1348,71.3145
30300559,2022-03-05 19:55:16,109409728062644297175,41.78462289640540,-72.52016635612160,2022-03-05 19:55:15,41.78462282808230,-72.52016561264310,0.1756,71.3280
30300560,2022-03-05 19:55:16,109409728062644297175,41.78462290161070,-72.52016641266570,2022-03-05 19:55:16,41.78462289640540,-72.52016635612160,0.4739,39.4092
30300562,2022-03-05 19:55:16,109409728062644297175,41.78462283849270,-72.52016572573120,2022-03-05 19:55:16,41.78462290161070,-72.52016641266570,9.1030,40.2368
30300563,2022-03-06 04:06:08,109409728062644297175,41.78435489126990,-72.51984943481920,2022-03-05 19:55:16,41.78462283849270,-72.52016572573120,0.0030,13.0531
30300564,2022-03-12 03:05:05,109409728062644297175,41.78461455662100,-72.51984408322840,2022-03-06 04:06:08,41.78435489126990,-72.51984943481920,0.0001,8.9387